{"expansions_per_iter": [6591.32, 6630.7, 7648.0, 8043.96, 371.86, 467.18, 507.02, 8300.04, 441.66, 5262.36, 4816.16, 1149.18, 1032.1, 1461.52, 2323.36], "avg_time_per_iter": [80.34876968383789, 77.1387782239914, 95.48935194969177, 101.74765161037445, 3.6185239362716675, 4.188238735198975, 5.459803018569946, 109.49309667110442, 4.859854249954224, 73.81432769775391, 67.842196393013, 15.431289806365967, 13.521130843162537, 19.8622145318985, 28.794048385620115], "avg_path_cost_per_iter": [340.12017577371375, 330.38929265616821, 353.28755093086227, 406.32409199003649, 353.63301699942099, 357.0139159612346, 372.47420884698192, 365.75757395388035, 359.46847440246142, 377.79119877122298, 373.26660715469239, 377.75484958511862, 363.14086255788663, 361.03616992867842, 361.32220023248175], "num_solved_per_iter": [50, 50, 50, 50, 50, 50, 50, 50, 50, 50, 50, 50, 50, 50, 50], "loss_per_iter": [6.6703873432997831, 6.4390259607927289, 9.4579197246953335, 8.448583773142488, 8.034736317631852, 8.0448514619984159, 8.4481729128321881, 8.4816764996813614, 9.5931406373090269, 9.3884268854964006, 11.188214049264763, 14.02432903314223, 13.481085423172074, 13.011621767322232, 12.761152937463747]}