{"expansions_per_iter": [10000.0, 10000.0, 10000.0, 10000.0, 10000.0, 10000.0, 10000.0, 10000.0, 10000.0, 10000.0, 10000.0, 10000.0], "avg_time_per_iter": [52.01268268823624, 52.01705479621887, 50.16407419443131, 53.78880321979523, 54.75639256238937, 54.431239783763885, 54.147345912456515, 66.0817565202713, 66.22644428014755, 65.57233043909073, 66.06985241174698, 65.41667467355728], "avg_path_cost_per_iter": [Infinity, Infinity, Infinity, Infinity, Infinity, Infinity, Infinity, Infinity, Infinity, Infinity, Infinity, Infinity], "num_solved_per_iter": [0, 0, 0, 0, 0, 0, 0, 0, 0, 0, 0, 0], "loss_per_iter": [7.1342122404964146, 5.9505075529528995, 5.8369257160339698, 5.9094726627154044, 5.9076261410569666, 6.0770105311209726, 6.3872912117210667, 6.7373118148583142, 7.1471536498745998, 7.5286188522359598, 7.8854735338711501, 8.2421830868544639]}